<metadata>
	<idinfo>
		<keywords>
			<theme>
				<themekt>ISO 19115 Topic Category</themekt>
				<themekey>biota</themekey>
				<themekey>boundaries</themekey>
				<themekey>environment</themekey>
				<themekey>location</themekey>
			</theme>
			<theme>
				<themekt>EPA GIS Keyword Thesaurus</themekt>
				<themekey>Biology</themekey>
				<themekey>Conservation</themekey>
				<themekey>Ecology</themekey>
				<themekey>Ecosystem</themekey>
				<themekey>Land</themekey>
				<themekey>Natural Resources</themekey>
			</theme>
			<place>
				<placekt>None</placekt>
				<placekey>United States</placekey>
			</place>
		</keywords>
		<citation>
			<citeinfo>
				<origin>US Environmental Protection Agency</origin>
				<title>Level IV Ecoregions of the Conterminous United States</title>
				<pubinfo>
					<publish>U.S. EPA Office of Research &amp; Development (ORD) - National Health and Environmental Effects Research Laboratory (NHEERL)</publish>
					<pubplace>Corvallis, OR</pubplace>
				</pubinfo>
				<pubdate>20130416</pubdate>
				<onlink>ftp://ftp.epa.gov/wed/ecoregions/us/us_eco_l4.zip</onlink>
				<onlink>http://edg.epa.gov</onlink>
			</citeinfo>
		</citation>
		<descript>
			<abstract>Ecoregions denote areas of general similarity in ecosystems and in the type, quality, and quantity of environmental resources. They are designed to serve as a spatial framework for the research, assessment, management, and monitoring of ecosystems and ecosystem components. These general purpose regions are critical for structuring and implementing ecosystem management strategies across federal agencies, state agencies, and nongovernment organizations that are responsible for different types of resources within the same geographical areas. The approach used to compile this map is based on the premise that ecological regions can be identified through the analysis of patterns of biotic and abiotic phenomena, including geology, physiography, vegetation, climate, soils, land use, wildlife, and hydrology. The relative importance of each characteristic varies from one ecological region to another. A Roman numeral hierarchical scheme has been adopted for different levels for ecological regions. Level I is the coarsest level, dividing North America into 15 ecological regions. Level II divides the continent into 50 regions (Commission for Environmental Cooperation Working Group, 1997). At Level III, the continental United States contains 105 regions whereas the conterminous United States has 85 (U.S. Environmental Protection Agency, 2005). Level IV ecoregions are further subdivisions of Level III ecoregions. Methods used to define the ecoregions are explained in Omernik (1995, 2004), Omernik and others (2000), and Gallant and others (1989).     

 Literature cited:   
Commission for Environmental Cooperation Working Group, 1997, Ecological regions of North America- toward a common perspective: Montreal, Commission for Environmental Cooperation, 71 p.

Gallant, A. L., Whittier, T.R., Larsen, D.P., Omernik, J.M., and Hughes, R.M., 1989, Regionalization as a tool for managing environmental resources: Corvallis, Oregon, U.S. Environmental Protection Agency, EPA/600/3-89/060, 152p.

Omernik, J.M., 1995, Ecoregions - a framework for environmental management, in Davis, W.S. and Simon, T.P., eds., Biological assessment and criteria-tools for water resource planning and decision making: Boca Raton, Florida, Lewis Publishers, p.49-62.

Omernik, J.M., Chapman, S.S., Lillie, R.A., and Dumke, R.T., 2000, Ecoregions of Wisconsin: Transactions of the Wisconsin Academy of Science, Arts, and Letters, v. 88, p. 77-103.Omernik, J.M., 2004, Perspectives on the nature and definitions of ecological regions: Environmental Management, v. 34, Supplement 1, p. s27-s38.

Comments and questions regarding the Level III and IV Ecoregions should be addressed to Glenn Griffith, USGS, c/o US EPA., 200 SW 35th Street, Corvallis, OR 97333, (541)-754-4465, email:griffith.glenn@epa.gov Alternate: James Omernik, USGS, c/o US EPA, 200 SW 35th Street, Corvallis, OR 97333, (541)-754-4458, email:omernik.james@epa.gov</abstract>
			<purpose>Ecoregion maps assist managers of aquatic and terrestrial resources to understand the regional patterns of the realistically attainable quality of these resources.</purpose>
			<supplinf>This file differs from the previous file in that Arizona ecoregions were updated and finalized.  It retains a correction in North Dakota, minor topologic repairs and merging of a coastal waterbody.    The fields ending with "KEY" are linked to style and layer files containing color definitions for each level. They are also useful for map legends.  L4_KEY and L3_KEY pertain to Ecoregions of the Continental United States, whereas L2_KEY and L1_Key relate to North American designations within the United States.  Except for the Great Lakes, waterbodies were merged with surrounding ecoregion polygons, especially along coastlines. Previously, a field called NA_L3NAME was added to be consistent with the North America data. Ecoregions were digitized at 1:250,000 scale and are intended for large geographic extents (i.e. states, multiple counties, or river basins). Use for smaller areas, such as individual counties or a 1:24,000 scale map boundary, is not recommended.</supplinf>
		</descript>
		<timeperd>
			<current>Publication date</current>
			<timeinfo>
				<sngdate>
					<caldate>20130416</caldate>
				</sngdate>
			</timeinfo>
		</timeperd>
		<status>
			<progress>In work</progress>
			<update>As needed</update>
		</status>
		<accconst>None.</accconst>
		<useconst>None. Please check sources, scale, accuracy, currentness and other available information. Please confirm that you are using the most recent copy of both data and metadata.  Acknowledgement of the EPA would be appreciated.</useconst>
		<spdom>
			<bounding>
				<westbc>-127.886770</westbc>
				<eastbc>-65.345754</eastbc>
				<northbc>51.604869</northbc>
				<southbc>22.896808</southbc>
			</bounding>
		</spdom>
		<secinfo>
			<secsys>FIPS Pub 199</secsys>
			<secclass>No Confidentiality</secclass>
			<sechandl>Standard Technical Controls</sechandl>
		</secinfo>
		<ptcontac>
			<cntinfo>
				<cntperp>
					<cntorg>U.S. Environmental Protection Agency, Office of Research and Development, National Health and Environmental Effects Research Laboratory (NHEERL)</cntorg>
					<cntper>Marc Weber</cntper>
				</cntperp>
				<cntpos>GIS Analyst</cntpos>
				<cntaddr>
					<addrtype>mailing address</addrtype>
					<address>200 S.W. 35th Street</address>
					<city>Corvallis</city>
					<state>OR</state>
					<postal>97333</postal>
				</cntaddr>
				<cntvoice>(541) 754-4469</cntvoice>
				<cntemail>weber.marc@epa.gov</cntemail>
				<cntinst>http://www.epa.gov/nheerl/</cntinst>
			</cntinfo>
		</ptcontac>
	</idinfo>
	<dataqual>
		<logic>Although ecoregion polygons and attributes have been checked for accuracy, some errors may remain. Polygons along state borders were reviewed and updated, May 2010.  ARC/INFO software is used to create and maintain topological relationships.</logic>
		<complete>Level IV ecoregions for California and New Jersey are considered draft versions as of April 2013.  Ecoregions were digitized at 1:250,000 scale and are intended for large geographic extents (i.e. states, multiple counties, or river basins).  Use for smaller areas, such as individual counties or a 1:24,000 scale map boundary, is not recommended.</complete>
		<posacc>
			<horizpa>
				<horizpar>Data were collected using methods that have unknown accuracy (EPA National Geospatial Data Policy [NGDP] Accuracy Tier 10). For more information, please see EPA's NGDP at http://epa.gov/geospatial/policies.html)</horizpar>
			</horizpa>
		</posacc>
		<lineage>
			<procstep>
				<procdate>2011</procdate>
				<procdesc>1) U.S.G.S. 1:250,000 topographic maps are used to delineate the ecoregions. The lines drawn are manually digitized or scanned to produce georeferenced electronic files.</procdesc>
			</procstep>
			<procstep>
				<procdate>2011</procdate>
				<procdesc>2) All base maps are joined together and errors along the edges are resolved.</procdesc>
			</procstep>
			<procstep>
				<procdate>2011</procdate>
				<procdesc>3) Topology is established and the maps are reviewed for accuracy, completeness, and conformity with the original lines. Corrections are made as needed and topology regenerated.</procdesc>
			</procstep>
			<procstep>
				<procdate>2011</procdate>
				<procdesc>4) Attributes are added.</procdesc>
			</procstep>
			<procstep>
				<procdate>2011</procdate>
				<procdesc>5) Maps are plotted for visual inspection by two individuals and necessary changes made.</procdesc>
			</procstep>
			<procstep>
				<procdate>2011</procdate>
				<procdesc>6) Ecoregions from all available states are merged and dissolved to identify and correct inconsistencies.</procdesc>
			</procstep>
			<procstep>
				<procdate>2011</procdate>
				<procdesc>7) Polygons of the corrected seamless ecoregion features are extended beyond the coastal borders.</procdesc>
			</procstep>
			<procstep>
				<procdate>2011</procdate>
				<procdesc>8) State and Ecoregion datasets are intersected.</procdesc>
			</procstep>
			<procstep>
				<procdate>2011</procdate>
				<procdesc>9) Topology errors removed.</procdesc>
			</procstep>
			<procstep>
				<procdate>2011</procdate>
				<procdesc>10) Final QA</procdesc>
			</procstep>
			<procstep>
				<procdate>2013</procdate>
				<procdesc>11) Updated Arizona Level III and IV ecoregion polygons, incorporated into U.S. map, checked topology, revised metadata.</procdesc>
			</procstep>
		</lineage>
	</dataqual>
	<spdoinfo>
		<direct>Vector</direct>
		<ptvctinf><esriterm Name="TX_L4_ECOREGIONS"><efeatyp Sync="TRUE">Simple</efeatyp><efeageom code="4" Sync="TRUE"></efeageom><esritopo Sync="TRUE">FALSE</esritopo><efeacnt Sync="TRUE">0</efeacnt><spindex Sync="TRUE">FALSE</spindex><linrefer Sync="TRUE">FALSE</linrefer></esriterm></ptvctinf></spdoinfo>
	<spref>
		<horizsys>
			<planar>
				<planci>
					<plance>coordinate pair</plance>
					<coordrep>
						<absres>0.0000000037527980722984474</absres>
						<ordres>0.0000000037527980722984474</ordres>
					</coordrep>
					<plandu>Meter</plandu>
				</planci>
			</planar>
			<geodetic>
				<horizdn>D North American 1983</horizdn>
				<ellips>GRS 1980</ellips>
				<semiaxis>6378137.0</semiaxis>
				<denflat>298.257222101</denflat>
			</geodetic>
		</horizsys>
	</spref>
	<eainfo>
		<detailed Name="TX_L4_ECOREGIONS">
			<enttyp>
				<enttypl>us_eco_l4</enttypl>
				<enttypd>shapefile name</enttypd>
				<enttypds>US Environmental Protection Agency</enttypds>
				<enttypt Sync="TRUE">Feature Class</enttypt><enttypc Sync="TRUE">0</enttypc></enttyp>
			<attr><attrlabl Sync="TRUE">FID</attrlabl><attalias Sync="TRUE">FID</attalias><attrtype Sync="TRUE">OID</attrtype><attwidth Sync="TRUE">4</attwidth><atprecis Sync="TRUE">0</atprecis><attscale Sync="TRUE">0</attscale><attrdef Sync="TRUE">Internal feature number.</attrdef><attrdefs Sync="TRUE">Esri</attrdefs><attrdomv><udom Sync="TRUE">Sequential unique whole numbers that are automatically generated.</udom></attrdomv></attr><attr>
				<attrlabl>Shape</attrlabl>
				<attrdef>Feature Geometry</attrdef>
				<attrdefs>esri</attrdefs>
				<attrdomv>
					<udom>defines feature type</udom>
				</attrdomv>
				<attalias Sync="TRUE">Shape</attalias><attrtype Sync="TRUE">Geometry</attrtype><attwidth Sync="TRUE">0</attwidth><atprecis Sync="TRUE">0</atprecis><attscale Sync="TRUE">0</attscale></attr>
			<attr>
				<attrlabl>US_L4NAME</attrlabl>
				<attrdef>Name for Level IV Ecoregion (US)</attrdef>
				<attrdefs>USEPA</attrdefs>
				<attrdomv>
					<udom>unique name</udom>
				</attrdomv>
				<attalias Sync="TRUE">US_L4NAME</attalias><attrtype Sync="TRUE">String</attrtype><attwidth Sync="TRUE">100</attwidth><atprecis Sync="TRUE">0</atprecis><attscale Sync="TRUE">0</attscale></attr>
			<attr><attrlabl Sync="TRUE">Desc_</attrlabl><attalias Sync="TRUE">Desc_</attalias><attrtype Sync="TRUE">String</attrtype><attwidth Sync="TRUE">254</attwidth><atprecis Sync="TRUE">0</atprecis><attscale Sync="TRUE">0</attscale></attr><attr><attrlabl Sync="TRUE">Link</attrlabl><attalias Sync="TRUE">Link</attalias><attrtype Sync="TRUE">String</attrtype><attwidth Sync="TRUE">254</attwidth><atprecis Sync="TRUE">0</atprecis><attscale Sync="TRUE">0</attscale></attr><attr><attrlabl Sync="TRUE">Shape_Leng</attrlabl><attalias Sync="TRUE">Shape_Leng</attalias><attrtype Sync="TRUE">Double</attrtype><attwidth Sync="TRUE">19</attwidth><atprecis Sync="TRUE">0</atprecis><attscale Sync="TRUE">0</attscale></attr><attr>
				<attrlabl>Shape_Area</attrlabl>
				<attrdef>Area of feature in internal units squared.</attrdef>
				<attrdefs>Esri</attrdefs>
				<attrdomv>
					<udom>Positive real numbers that are automatically generated.</udom>
				</attrdomv>
				<attalias Sync="TRUE">Shape_Area</attalias><attrtype Sync="TRUE">Double</attrtype><attwidth Sync="TRUE">19</attwidth><atprecis Sync="TRUE">0</atprecis><attscale Sync="TRUE">0</attscale></attr>
		</detailed>
		<detailed>
			<enttyp>
				<enttypl>Eco_Level_IV_US</enttypl>
				<enttypd>shapefile name</enttypd>
				<enttypds>US Environmental Protection Agency</enttypds>
			</enttyp>
		</detailed>
		<overview>
			<eaover>Ecoregions are hierarchical, with Level IV being the most detailed and Level I defining the broadest classifications.  Because of this hierarchy, Level IV features include appropriate codes and names for Levels III,  II, and I.    Likewise, Level III features contain Levels II and I, and Level II retains Level I information.  
Attributes pertaining to Level IV are only available for the Conterminous United States (US_).  Level III has  attributes for the US and North America (NA_) while Levels II and I apply to only  North America.
All features are identified by State and EPA Administrative Regions, as well.  
Fields ending with "KEY" combine ecoregion code and name attributes for convenient legends and are linked to style and layer files containing color definitions.</eaover>
			<eadetcit>U.S. Environmental Protection Agency. 2011. Level III and IV ecoregions of the conterminous United States. U.S. EPA, National Health and Environmental Effects Research Laboratory, Corvallis, Oregon.</eadetcit>
		</overview>
	</eainfo>
	<distinfo>
		<resdesc>Downloadable Data</resdesc>
		<distliab>Although these data have been processed successfully on a computer system at the Environmental Protection Agency, no warranty expressed or implied is made regarding the accuracy or utility of the data on any other system or for general or scientific purposes, nor shall the act of distribution constitute any such warranty. It is also strongly recommended that careful attention be paid to the contents of the metadata file associated with these data to evaluate data set limitations, restrictions or intended use. The U.S. Environmental Protection Agency shall not be held liable for improper or incorrect use of the data described and/or contained herein.</distliab>
		<distrib>
			<cntinfo>
				<cntperp>
					<cntorg>U.S. Environmental Protection Agency, Office of Research and Development, National Health and Environmental Effects Research Laboratory (NHEERL)</cntorg>
					<cntper>Marc Weber</cntper>
				</cntperp>
				<cntpos>GIS Analyst</cntpos>
				<cntaddr>
					<addrtype>mailing address</addrtype>
					<address>200 S.W. 35th Street</address>
					<city>Corvallis</city>
					<state>OR</state>
					<postal>97333</postal>
				</cntaddr>
				<cntvoice>(541) 754-4469</cntvoice>
				<cntemail>weber.marc@epa.gov</cntemail>
				<cntinst>http://www.epa.gov/nheerl/</cntinst>
			</cntinfo>
		</distrib>
	</distinfo>
	<metainfo>
		<metd>20130416</metd>
		<metfrd>20170416</metfrd>
		<metstdn>FGDC Content Standard for Digital Geospatial Metadata</metstdn>
		<metstdv>FGDC-STD-001-1998</metstdv>
		<metc>
			<cntinfo>
				<cntorgp>
					<cntorg>U.S. Environmental Protection Agency, Office of Research and Development, National Health and Environmental Effects Research Laboratory (NHEERL)</cntorg>
					<cntper>Marc Weber</cntper>
				</cntorgp>
				<cntpos>GIS Analyst</cntpos>
				<cntaddr>
					<addrtype>mailing address</addrtype>
					<address>200 S.W. 35th Street</address>
					<city>Corvallis</city>
					<state>OR</state>
					<postal>97333</postal>
				</cntaddr>
				<cntvoice>(541) 754-4469</cntvoice>
				<cntemail>weber.marc@epa.gov</cntemail>
				<cntinst>http://www.epa.gov/nheerl/</cntinst>
			</cntinfo>
		</metc>
	</metainfo>
	<dataIdInfo>
		<envirDesc>Microsoft Windows XP Version 5.1 (Build 2600) Service Pack 3; Esri ArcGIS 10.1.1.3143</envirDesc>
		<dataLang>
			<languageCode value="en"/>
			<countryCode value="US"/>
		</dataLang>
		<idCitation>
			<resTitle>us_eco_l4</resTitle>
			<presForm>
				<PresFormCd value="005"/>
			</presForm>
		</idCitation>
		<spatRpType>
			<SpatRepTypCd value="001"/>
		</spatRpType>
		<dataExt>
			<geoEle>
				<GeoBndBox esriExtentType="search">
					<exTypeCode>1</exTypeCode>
					<westBL>-127.886770</westBL>
					<eastBL>-65.345754</eastBL>
					<northBL>51.604869</northBL>
					<southBL>22.896808</southBL>
				</GeoBndBox>
			</geoEle>
		</dataExt>
	</dataIdInfo>
	<mdLang>
		<languageCode value="en"/>
		<countryCode value="US"/>
	</mdLang>
	<distInfo>
		<distFormat>
			<formatName>Shapefile</formatName>
		</distFormat>
		<distTranOps>
			<transSize>96.217</transSize>
		</distTranOps>
	</distInfo>
	<mdHrLv>
		<ScopeCd value="005"/>
	</mdHrLv>
	<mdHrLvName>dataset</mdHrLvName>
	<refSysInfo>
		<RefSystem>
			<refSysID>
				<identCode code="102039"/>
				<idCodeSpace>ESRI</idCodeSpace>
				<idVersion>10.1.1</idVersion>
			</refSysID>
		</RefSystem>
	</refSysInfo>
	<spatRepInfo>
		<VectSpatRep><geometObjs Name="TX_L4_ECOREGIONS"><geoObjTyp><GeoObjTypCd value="002" Sync="TRUE"></GeoObjTypCd></geoObjTyp><geoObjCnt Sync="TRUE">0</geoObjCnt></geometObjs><topLvl><TopoLevCd value="001" Sync="TRUE"></TopoLevCd></topLvl></VectSpatRep></spatRepInfo>
	<mdDateSt>20130416</mdDateSt>
	<Esri><DataProperties><itemProps><itemName Sync="TRUE">TX_L4_ECOREGIONS</itemName><imsContentType Sync="TRUE">002</imsContentType><itemLocation><linkage Sync="TRUE">file://\\DESKTOP-JSB7506\C$\Users\lives\OneDrive\TexasStateGrad\5_Fall2023\GEO5408_WebMapping\TxStateRepository\Web-Mappy.github.io\shapefiles\TX_L4_ECOREGIONS.shp</linkage><protocol Sync="TRUE">Local Area Network</protocol></itemLocation><itemSize Sync="TRUE">0.000</itemSize></itemProps><coordRef><type Sync="TRUE">Projected</type><geogcsn Sync="TRUE">GCS_North_American_1983</geogcsn><csUnits Sync="TRUE">Linear Unit: Meter (1.000000)</csUnits><projcsn Sync="TRUE">USA_Contiguous_Albers_Equal_Area_Conic_USGS_version</projcsn><peXml Sync="TRUE">&lt;ProjectedCoordinateSystem xsi:type='typens:ProjectedCoordinateSystem' xmlns:xsi='http://www.w3.org/2001/XMLSchema-instance' xmlns:xs='http://www.w3.org/2001/XMLSchema' xmlns:typens='http://www.esri.com/schemas/ArcGIS/3.0.0'&gt;&lt;WKT&gt;PROJCS[&amp;quot;USA_Contiguous_Albers_Equal_Area_Conic_USGS_version&amp;quot;,GEOGCS[&amp;quot;GCS_North_American_1983&amp;quot;,DATUM[&amp;quot;D_North_American_1983&amp;quot;,SPHEROID[&amp;quot;GRS_1980&amp;quot;,6378137.0,298.257222101]],PRIMEM[&amp;quot;Greenwich&amp;quot;,0.0],UNIT[&amp;quot;Degree&amp;quot;,0.0174532925199433]],PROJECTION[&amp;quot;Albers&amp;quot;],PARAMETER[&amp;quot;False_Easting&amp;quot;,0.0],PARAMETER[&amp;quot;False_Northing&amp;quot;,0.0],PARAMETER[&amp;quot;Central_Meridian&amp;quot;,-96.0],PARAMETER[&amp;quot;Standard_Parallel_1&amp;quot;,29.5],PARAMETER[&amp;quot;Standard_Parallel_2&amp;quot;,45.5],PARAMETER[&amp;quot;Latitude_Of_Origin&amp;quot;,23.0],UNIT[&amp;quot;Meter&amp;quot;,1.0],AUTHORITY[&amp;quot;Esri&amp;quot;,102039]]&lt;/WKT&gt;&lt;XOrigin&gt;-16901100&lt;/XOrigin&gt;&lt;YOrigin&gt;-6972200&lt;/YOrigin&gt;&lt;XYScale&gt;266467840.99085236&lt;/XYScale&gt;&lt;ZOrigin&gt;-100000&lt;/ZOrigin&gt;&lt;ZScale&gt;10000&lt;/ZScale&gt;&lt;MOrigin&gt;-100000&lt;/MOrigin&gt;&lt;MScale&gt;10000&lt;/MScale&gt;&lt;XYTolerance&gt;0.001&lt;/XYTolerance&gt;&lt;ZTolerance&gt;0.001&lt;/ZTolerance&gt;&lt;MTolerance&gt;0.001&lt;/MTolerance&gt;&lt;HighPrecision&gt;true&lt;/HighPrecision&gt;&lt;WKID&gt;102039&lt;/WKID&gt;&lt;LatestWKID&gt;102039&lt;/LatestWKID&gt;&lt;/ProjectedCoordinateSystem&gt;</peXml></coordRef><lineage><Process ToolSource="c:\program files\arcgis\pro\Resources\ArcToolbox\toolboxes\Data Management Tools.tbx\Dissolve" Date="20231026" Time="211750">Dissolve us_eco_l4 C:\Users\lives\OneDrive\TexasStateGrad\5_Fall2023\GEO5408_WebMapping\FinalProject\GIS_Data\WebMappy_FinalProject\WebMappy_FinalProject.gdb\us_eco_l4_Dissolve US_L4CODE;US_L4NAME;US_L3CODE;US_L3NAME;NA_L3CODE;NA_L3NAME;NA_L2CODE;NA_L2NAME;NA_L1CODE;NA_L1NAME;STATE_NAME;EPA_REGION;L4_KEY;L3_KEY;L2_KEY;L1_KEY # MULTI_PART DISSOLVE_LINES #</Process><Process ToolSource="c:\program files\arcgis\pro\Resources\ArcToolbox\toolboxes\Data Management Tools.tbx\UpdateSchema" Date="20231026" Time="213025">UpdateSchema "CIMDATA=&lt;CIMStandardDataConnection xsi:type='typens:CIMStandardDataConnection' xmlns:xsi='http://www.w3.org/2001/XMLSchema-instance' xmlns:xs='http://www.w3.org/2001/XMLSchema' xmlns:typens='http://www.esri.com/schemas/ArcGIS/3.0.0'&gt;&lt;WorkspaceConnectionString&gt;DATABASE=C:\Users\lives\OneDrive\TexasStateGrad\5_Fall2023\GEO5408_WebMapping\FinalProject\GIS_Data\WebMappy_FinalProject\WebMappy_FinalProject.gdb&lt;/WorkspaceConnectionString&gt;&lt;WorkspaceFactory&gt;FileGDB&lt;/WorkspaceFactory&gt;&lt;Dataset&gt;us_eco_l4_Dissolve&lt;/Dataset&gt;&lt;DatasetType&gt;esriDTFeatureClass&lt;/DatasetType&gt;&lt;/CIMStandardDataConnection&gt;" &lt;operationSequence&gt;&lt;workflow&gt;&lt;AddField&gt;&lt;field_name&gt;Desc&lt;/field_name&gt;&lt;field_type&gt;TEXT&lt;/field_type&gt;&lt;field_length&gt;255&lt;/field_length&gt;&lt;field_is_nullable&gt;True&lt;/field_is_nullable&gt;&lt;field_is_required&gt;False&lt;/field_is_required&gt;&lt;/AddField&gt;&lt;/workflow&gt;&lt;workflow&gt;&lt;AddField&gt;&lt;field_name&gt;Link&lt;/field_name&gt;&lt;field_type&gt;TEXT&lt;/field_type&gt;&lt;field_length&gt;255&lt;/field_length&gt;&lt;field_is_nullable&gt;True&lt;/field_is_nullable&gt;&lt;field_is_required&gt;False&lt;/field_is_required&gt;&lt;/AddField&gt;&lt;/workflow&gt;&lt;/operationSequence&gt;</Process><Process ToolSource="c:\program files\arcgis\pro\Resources\ArcToolbox\toolboxes\Conversion Tools.tbx\ExportFeatures" Date="20231122" Time="205428">ExportFeatures Tx_Ecoregions_l4 C:\Users\lives\OneDrive\TexasStateGrad\5_Fall2023\GEO5408_WebMapping\FinalProject\GIS_Data\WebMappy_FinalProject\WebMappy_FinalProject.gdb\TX_L4_ECOREGIONS # NOT_USE_ALIAS "US_L4CODE "US_L4CODE" true true false 10 Text 0 0,First,#,Tx_Ecoregions_l4,US_L4CODE,0,10;US_L4NAME "US_L4NAME" true true false 100 Text 0 0,First,#,Tx_Ecoregions_l4,US_L4NAME,0,100;US_L3CODE "US_L3CODE" true true false 10 Text 0 0,First,#,Tx_Ecoregions_l4,US_L3CODE,0,10;US_L3NAME "US_L3NAME" true true false 100 Text 0 0,First,#,Tx_Ecoregions_l4,US_L3NAME,0,100;NA_L3CODE "NA_L3CODE" true true false 20 Text 0 0,First,#,Tx_Ecoregions_l4,NA_L3CODE,0,20;NA_L3NAME "NA_L3NAME" true true false 100 Text 0 0,First,#,Tx_Ecoregions_l4,NA_L3NAME,0,100;NA_L2CODE "NA_L2CODE" true true false 20 Text 0 0,First,#,Tx_Ecoregions_l4,NA_L2CODE,0,20;NA_L2NAME "NA_L2NAME" true true false 100 Text 0 0,First,#,Tx_Ecoregions_l4,NA_L2NAME,0,100;NA_L1CODE "NA_L1CODE" true true false 20 Text 0 0,First,#,Tx_Ecoregions_l4,NA_L1CODE,0,20;NA_L1NAME "NA_L1NAME" true true false 100 Text 0 0,First,#,Tx_Ecoregions_l4,NA_L1NAME,0,100;STATE_NAME "STATE_NAME" true true false 25 Text 0 0,First,#,Tx_Ecoregions_l4,STATE_NAME,0,25;EPA_REGION "EPA_REGION" true true false 2 Short 0 0,First,#,Tx_Ecoregions_l4,EPA_REGION,-1,-1;L4_KEY "L4_KEY" true true false 125 Text 0 0,First,#,Tx_Ecoregions_l4,L4_KEY,0,125;L3_KEY "L3_KEY" true true false 125 Text 0 0,First,#,Tx_Ecoregions_l4,L3_KEY,0,125;L2_KEY "L2_KEY" true true false 125 Text 0 0,First,#,Tx_Ecoregions_l4,L2_KEY,0,125;L1_KEY "L1_KEY" true true false 125 Text 0 0,First,#,Tx_Ecoregions_l4,L1_KEY,0,125;Desc "Description" true true false 255 Text 0 0,First,#,Tx_Ecoregions_l4,Desc,0,255;Link "Learn More" true true false 255 Text 0 0,First,#,Tx_Ecoregions_l4,Link,0,255;Shape_Length "Shape_Length" false true true 8 Double 0 0,First,#,Tx_Ecoregions_l4,Shape_Length,-1,-1;Shape_Area "Shape_Area" false true true 8 Double 0 0,First,#,Tx_Ecoregions_l4,Shape_Area,-1,-1" #</Process><Process ToolSource="c:\program files\arcgis\pro\Resources\ArcToolbox\toolboxes\Data Management Tools.tbx\UpdateSchema" Date="20231122" Time="205512">UpdateSchema "CIMDATA=&lt;CIMStandardDataConnection xsi:type='typens:CIMStandardDataConnection' xmlns:xsi='http://www.w3.org/2001/XMLSchema-instance' xmlns:xs='http://www.w3.org/2001/XMLSchema' xmlns:typens='http://www.esri.com/schemas/ArcGIS/3.0.0'&gt;&lt;WorkspaceConnectionString&gt;DATABASE=C:\Users\lives\OneDrive\TexasStateGrad\5_Fall2023\GEO5408_WebMapping\FinalProject\GIS_Data\WebMappy_FinalProject\WebMappy_FinalProject.gdb&lt;/WorkspaceConnectionString&gt;&lt;WorkspaceFactory&gt;FileGDB&lt;/WorkspaceFactory&gt;&lt;Dataset&gt;TX_L4_ECOREGIONS&lt;/Dataset&gt;&lt;DatasetType&gt;esriDTFeatureClass&lt;/DatasetType&gt;&lt;/CIMStandardDataConnection&gt;" &lt;operationSequence&gt;&lt;workflow&gt;&lt;DeleteField&gt;&lt;field_name&gt;US_L4CODE&lt;/field_name&gt;&lt;field_name&gt;US_L3CODE&lt;/field_name&gt;&lt;field_name&gt;US_L3NAME&lt;/field_name&gt;&lt;field_name&gt;NA_L3CODE&lt;/field_name&gt;&lt;field_name&gt;NA_L3NAME&lt;/field_name&gt;&lt;field_name&gt;NA_L2CODE&lt;/field_name&gt;&lt;field_name&gt;NA_L2NAME&lt;/field_name&gt;&lt;field_name&gt;NA_L1CODE&lt;/field_name&gt;&lt;field_name&gt;NA_L1NAME&lt;/field_name&gt;&lt;field_name&gt;STATE_NAME&lt;/field_name&gt;&lt;field_name&gt;EPA_REGION&lt;/field_name&gt;&lt;field_name&gt;L3_KEY&lt;/field_name&gt;&lt;field_name&gt;L2_KEY&lt;/field_name&gt;&lt;field_name&gt;L1_KEY&lt;/field_name&gt;&lt;/DeleteField&gt;&lt;/workflow&gt;&lt;/operationSequence&gt;</Process><Process ToolSource="c:\program files\arcgis\pro\Resources\ArcToolbox\toolboxes\Data Management Tools.tbx\UpdateSchema" Date="20231122" Time="205539">UpdateSchema "CIMDATA=&lt;CIMStandardDataConnection xsi:type='typens:CIMStandardDataConnection' xmlns:xsi='http://www.w3.org/2001/XMLSchema-instance' xmlns:xs='http://www.w3.org/2001/XMLSchema' xmlns:typens='http://www.esri.com/schemas/ArcGIS/3.0.0'&gt;&lt;WorkspaceConnectionString&gt;DATABASE=C:\Users\lives\OneDrive\TexasStateGrad\5_Fall2023\GEO5408_WebMapping\FinalProject\GIS_Data\WebMappy_FinalProject\WebMappy_FinalProject.gdb&lt;/WorkspaceConnectionString&gt;&lt;WorkspaceFactory&gt;FileGDB&lt;/WorkspaceFactory&gt;&lt;Dataset&gt;TX_L4_ECOREGIONS&lt;/Dataset&gt;&lt;DatasetType&gt;esriDTFeatureClass&lt;/DatasetType&gt;&lt;/CIMStandardDataConnection&gt;" &lt;operationSequence&gt;&lt;workflow&gt;&lt;AlterField&gt;&lt;field_name&gt;Desc&lt;/field_name&gt;&lt;new_field_name&gt;DESC&lt;/new_field_name&gt;&lt;field_type&gt;TEXT&lt;/field_type&gt;&lt;field_is_nullable&gt;True&lt;/field_is_nullable&gt;&lt;clear_field_alias&gt;False&lt;/clear_field_alias&gt;&lt;/AlterField&gt;&lt;/workflow&gt;&lt;workflow&gt;&lt;AlterField&gt;&lt;field_name&gt;Link&lt;/field_name&gt;&lt;new_field_name&gt;LINK&lt;/new_field_name&gt;&lt;field_type&gt;TEXT&lt;/field_type&gt;&lt;field_is_nullable&gt;True&lt;/field_is_nullable&gt;&lt;clear_field_alias&gt;False&lt;/clear_field_alias&gt;&lt;/AlterField&gt;&lt;/workflow&gt;&lt;/operationSequence&gt;</Process><Process ToolSource="c:\program files\arcgis\pro\Resources\ArcToolbox\toolboxes\Data Management Tools.tbx\UpdateSchema" Date="20231122" Time="205751">UpdateSchema "CIMDATA=&lt;CIMStandardDataConnection xsi:type='typens:CIMStandardDataConnection' xmlns:xsi='http://www.w3.org/2001/XMLSchema-instance' xmlns:xs='http://www.w3.org/2001/XMLSchema' xmlns:typens='http://www.esri.com/schemas/ArcGIS/3.0.0'&gt;&lt;WorkspaceConnectionString&gt;DATABASE=C:\Users\lives\OneDrive\TexasStateGrad\5_Fall2023\GEO5408_WebMapping\FinalProject\GIS_Data\WebMappy_FinalProject\WebMappy_FinalProject.gdb&lt;/WorkspaceConnectionString&gt;&lt;WorkspaceFactory&gt;FileGDB&lt;/WorkspaceFactory&gt;&lt;Dataset&gt;TX_L4_ECOREGIONS&lt;/Dataset&gt;&lt;DatasetType&gt;esriDTFeatureClass&lt;/DatasetType&gt;&lt;/CIMStandardDataConnection&gt;" &lt;operationSequence&gt;&lt;workflow&gt;&lt;AlterField&gt;&lt;field_name&gt;Desc&lt;/field_name&gt;&lt;new_field_name&gt;DESC&lt;/new_field_name&gt;&lt;field_type&gt;TEXT&lt;/field_type&gt;&lt;field_is_nullable&gt;True&lt;/field_is_nullable&gt;&lt;clear_field_alias&gt;False&lt;/clear_field_alias&gt;&lt;/AlterField&gt;&lt;/workflow&gt;&lt;workflow&gt;&lt;AlterField&gt;&lt;field_name&gt;Link&lt;/field_name&gt;&lt;new_field_name&gt;LINK&lt;/new_field_name&gt;&lt;field_type&gt;TEXT&lt;/field_type&gt;&lt;field_is_nullable&gt;True&lt;/field_is_nullable&gt;&lt;clear_field_alias&gt;False&lt;/clear_field_alias&gt;&lt;/AlterField&gt;&lt;/workflow&gt;&lt;/operationSequence&gt;</Process><Process ToolSource="c:\program files\arcgis\pro\Resources\ArcToolbox\toolboxes\Conversion Tools.tbx\ExportFeatures" Date="20231126" Time="194711">ExportFeatures TX_L4_ECOREGIONS C:\Users\lives\OneDrive\TexasStateGrad\5_Fall2023\GEO5408_WebMapping\TxStateRepository\Web-Mappy.github.io\shapefiles\TX_L4_ECOREGIONS.shp # NOT_USE_ALIAS "US_L4NAME "US_L4NAME" true true false 100 Text 0 0,First,#,TX_L4_ECOREGIONS,US_L4NAME,0,100;Desc "DESC" true true false 255 Text 0 0,First,#,TX_L4_ECOREGIONS,Desc,0,255;Link "LINK" true true false 255 Text 0 0,First,#,TX_L4_ECOREGIONS,Link,0,255;Shape_Length "Shape_Length" false true true 8 Double 0 0,First,#,TX_L4_ECOREGIONS,Shape_Length,-1,-1;Shape_Area "Shape_Area" false true true 8 Double 0 0,First,#,TX_L4_ECOREGIONS,Shape_Area,-1,-1" #</Process></lineage></DataProperties><SyncDate>20231126</SyncDate><SyncTime>19471100</SyncTime><ModDate>20231126</ModDate><ModTime>19471100</ModTime></Esri></metadata>
